tgrep.id,entire.sentence,Disjunct_relation.x,Disjunct_relation.y,Resolved
174254:56,"""i wonder, i wonder how, how the civil system or the court system must differ between there and say where i am in minneapolis.""",A<B,A~B,A>B
71908:46,"""and, you know, working out six hours a day, usually six or seven days a week that kind of, kept us all in pretty good shape,.""",A~B,A<B,A~B
145577:99,"""um, i might try that because i, i have one card that i've had for A~Bout, uh, i don't know, nine or ten years.""",A~B,A<B,A~B
88687:32,"""well, i guess i have used it once or twice.""",A~B,A<B,A~B
156317:102,"""all we, all i do is, uh, keep a list of things like debts that are outstanding and every two or three months update that and every once in a while make a list of what we spent that month,""",A~B,A<B,A~B
102716:9,"""one or two times in my life i've ever had venison, i've loved it.""",A~B,A<B,A~B
36021:57,"""and, and there's probA~Bly, there's easily probA~Bly six or seven times that amount being spent on the bureaucracy.""",A~B,A<B,A~B
16299:25,"""you have to cut each thing or, you know, use the melon baller and stuff""",A<B,A~B,A~B
6465:51,"""uh, and, and i would certainly support something like four to one or five to one""",A~B,A<B,A~B
29727:27,and it usually takes long stitches over two or three openings in the cloth,A~B,A<B,A~B
7684:47,i don't know how long it takes whether it takes five minutes or twenty minutes.,A~B,A<B,A~B
174875:45,"""then do they give you like one ch-, one more chance or two more chances.""",A~B,A<B,A~B
106986:61,"""and we intend to replace our other one with a much newer car in the next couple of years, or next year probA~Bly.""",A~B,A<B,A<B
156661:22,"""anyway, i dealt with two or three kids today that are going to end up where somebody has, making a decision what to do with them.""",A~B,A<B,A~B
101686:71,"""usually, you know, you'll find a, a woman that's keeping like six children or four to six children in the home""",A<B,A>B,A>B
25522:55,"""i guess, the first time i played golf has been probA~Bly A~Bout eight or ten years ago now, when i was in college.""",A~B,A<B,A~B
89425:17,"""and, the first five minutes or ten minutes of the movie was, i was very well persuaded to walk out. very well persuaded,""",A~B,A<B,A~B
20511:22,"""well, we just started two or three weeks ago.""",A~B,A<B,A~B
35393:113,"""that, uh, in addition to getting a new car there, they can get you a car that's new but it's been, uh, a demonstrator model for two or three thousand dollars even cheaper than the best deal they can give you for a new car.""",A~B,A<B,A~B
165868:35,"""and they only have one set of recycling bins, one or two sets as opposed to a set at each of the dumpsters.""",A~B,A<B,A~B
98373:34,"""and, uh, with luck, you'll have one or two thatc are good.""",A~B,A<B,A~B
55403:21,but by no means do i endorse or approve pulling everybody out.,A<B,A>B,A>B
170132:31,"""but for me, i only do that every week or, without even, i mean, maybe once a month.""",A~B,A>B,A~B
168929:25,"""either you have, uh, military service or some sort of alternative, nonmilitary service for a few years.""",A>B,A~B,A~B
23449:67,"""and maybe instead of, of, uh, just kind of blowing it off just spend a day or a day and a half like most folks do, maybe we should commit to spend a week,""",A<B,A~B,A~B
38195:38,"""so, uh, does your husband ever use, uh, a laptop or a notebook.""",A~B,A<B,A~B
3087:28,"""is that with regard to work place engineering, or just, you know, environm-, the work place environment""",A~B,A>B,A>B
128452:34,"""within reason, you know, you can lose weight or maintain your weight and your physical being""",A~B,A>B,A~B
163402:100,"""we, that's been an, a, an issue, uh, in our company even though we don't have the random or even regular drug screening.""",A<B,A~B,A>B
37457:58,"""they don't have the offense to, uh, to get out, or to have the, the more runs,""",A~B,A<B,A<B
172615:77,"""uh, uh, i really think that we need to get into the mold where we talk A~Bout years rather than months or weeks.""",A~B,A<B,A>B
61981:60,you can actually buy a whole brand new computer with a not not a necessarily a slow one or inadequate one but a pretty good one for six hundred dollars.,A~B,A>B,A>B
124212:97,"""and, and, um, uh, the landscape is much different here in texas than it is, you know, in the north. um, or even where you are.""",A<B,A~B,A~B
111953:18,and i'll order steak or steak and lobster combined,A<B,A>B,A<B
75447:58,"""and they have a little display screen that shows you a message and either tells you a person or a, a phone number to respond to""",A<B,A~B,A~B
98968:82,"""and, uh, many matters are so complicated that it's so hard to, uh, come up with the fair value, uh, or the fair sentence""",A~B,A<B,A~B
116923:70,"""and, if you see a situation that looks like it could be trouble, just get out of it or call for help, whichever.""",A<B,A~B,A~B
73492:77,"""and, and, you know, multiplied by the fact that you don't really trust the person or you're uncomfortA~Ble with the situation mumblex, as far as child care, um,""",A>B,A~B,A>B
171205:49,"""so you think if, if trials were held by judges or experts, that they, they would tend not to, uh, admit, not to convict people on circumstantial evidence.""",A~B,A>B,A~B
173701:143,"""so you're saying that the taxpayer who also is really paying through the pocketbook for the education of the child may not be quite so conscious of the fact that they are paying the tuition for that child in the form of, uh, real estate or other taxes""",A>B,A~B,A>B
107053:97,"""and then at the end of the, of the period, pay period, if she has any left, that much is for fun or entertainment.""",A>B,A~B,A<B
90246:38,"""and, you know, it does not have a real story, or any plot,""",A<B,A>B,A<B
30887:42,"""you know they're usually not, not that great or didn't do that great anyway.""",A~B,A<B,A>B
28388:46,"""not only do i do p c type things like, uh, using lotus or word processors,""",A~B,A>B,A>B
132029:43,"""and there is a little bitty mall that looks kind of like, or, strip kind of center.""",A~B,A>B,A~B
52499:80,"""i don-, i don't think our prison system isn't set up, where we, um, rehA~Bilitate, or, you know, restore anybody.""",A<B,A>B,A>B
65937:74,"""why not an apprentice out to a, a company and learn from down on the bottom as a wood worker or, you know, just a technician.""",A>B,A~B,A>B
113966:144,"""and finally our governor at the time which who is not in office now came in and said, okay, where we draw the line is no sex offenders will be let loose. under early bail, you know or early, uh get out.""",A~B,A<B,A>B
62382:115,"""there are people now that are obsolete point and fact just, just like endangered species of animals, so there are quote tribes of people, thatf are endangered or obsolete.""",A~B,A<B,A~B
155051:35,"""well, how to you handle that, the long range or medium range planning on finances.""",A~B,A>B,A~B
19349:75,"""it's easy to believe that they were probA~Bly more forced into a pact than, uh, a volunteer or willingness to join.""",A>B,A~B,A~B
122984:94,"""well, i know if they make the advances that they have been making, that, uh, maybe age will no longer, age or even physical, uh, A~Bilities may not be, uh, a barrier anymore.""",A~B,A<B,A>B
88038:32,you can't come in afterward and really be successful or economical at it.,A>B,A<B,A>B
48855:166,"""uh, you know, it, it really irks me to see so much effort put into preventing someone being put to death by the state when they so callously and usually so, you know, withoutf even thinking or without any concern, uh, you know, end somebody else's life, and in a lot of cases several people's lives.""",A>B,A<B,A>B
63575:56,"""because all you end up doingf is if you're in business or you're in any kind of international,""",A~B,A<B,A~B
92173:38,"""have you, have you done this repetitively, or just once.""",A~B,A<B,A>B
107022:8,"""my budget or philosophy, i guess, is spend as little as possible.""",A~B,A>B,A>B
31488:53,"""because, um, there are, there must be people like you, or in other circumstances, that could come up with, with, uh, false positives for certain kind of drugs.""",A~B,A>B,A~B
104118:18,"""his middle name is chris, or christopher for for her daddy,""",A~B,A<B,A~B
55955:33,"""it might not be the same neighborhood, but the same city or county, because then you're, you're coming in contact with it.""",A<B,A>B,A>B
77801:170,"""and you want to be avail-, at least i've wanted to be availA~Ble, when they, for some reason, they had, they were bouncing something off of me. because it was something that was bothering them or they were concerned A~Bout,""",A>B,A~B,A>B
78681:73,"""and he, uh, would like to just get a fifth wheel and just travel across the country and spend a month here or a couple of weeks there, and just, you know, not, be settled anywhere,""",A~B,A<B,A~B
46424:21,"""like you take asian countries, or, uh, the eastern countries where women are like in the foreground, uh, in the background and the men are in the foregrounde,""",A~B,A>B,A>B
75697:37,"""and since that time everybody's got some sort of burglar system or, you know, uh, burglar alarms uh, and including the out, uh, the outer perimeter type, uh, devices, sensors and things like that.""",A>B,A<B,A<B
152813:245,"""also, also i have the observation of, uh, with the press is that, like any any stories that i had any first hand knowledge of that i see in the press, you know, which only happened like ten times in my life you know first thing you know for anything of you know or anything that actually had, had more than just a blurb A~Bout it. that the press has managed to just mess up some aspect of the story""",A<B,A~B,A~B
27966:70,"""there was not, there's not supposed to be any reason to use this education or this brain that you might have for anything other than your house and your children and how clean can the bathroom floors be on any given day.""",A~B,A>B,A<B
10846:33,i wonder how truthful all of that was or whether there was fiction.,A~B,A>B,A<B
105461:58,"""it wasn't like the newer ones that have nice chambers that keep it afloat or keep it, uh, upright again.""",A<B,A>B,A<B
4682:83,"""but, um, it's very frustrating. and, even, even with health food stores and stores where you can buy natural products or, uh, organic, you know, materials, and foods and things.""",A~B,A<B,A<B
149373:37,"""you know, i saw something on c n n or on cA~Ble here a while ago that showed some people that had rA~Bbits in apartments and in houses,""",A~B,A>B,A>B
72563:57,"""for some reason it seems to interest me, like people that make a big comeback or, you know, orel hershiser, things like that.""",A~B,A<B,A<B
170713:59,"""do you know anyone that, uh, is, is in a nursing home or has ever been in one.""",A~B,A>B,A~B
14253:43,"""i wondered if it would help you sometimes fill in the gaps or recognize discrepancies that other people, people like myself might not pick up on.""",A~B,A<B,A<B
86874:94,"""but, you know, any kind of handgun at all, if it will fit in a handgun and a rifle you would still have to buy it, or sign up for it,""",A~B,A>B,A>B
131692:34,"""they'd leave work and go to a golf course, or a little country club they belonged to back in richmond, virginia and just, uh, play nine holes of golf.""",A<B,A~B,A<B
129330:26,"""but, unemployment now in dallas, or in texas is up around six point,""",A~B,A>B,A>B
20453:61,"""and it will, if have you a thirty year note, it will take like seven or plus years off of your note.""",A~B,A>B,A~B
14292:63,"""um, and it's one of those that i can ei-, read either an article or a couple of pages of those brief excerpts in the time frame that i'm going to spend in there.""",A~B,A>B,A~B
86671:25,"""actually i paid A~Bout either a thousand dollars or a little bit,""",A~B,A>B,A~B
1200:36,"""but if they're going to offer these services, or these recorded message, everything, they ought to be stuck working with the phone book like everybody else instead of using a computer to go through and just go down every sequence of numbers for this certain area code and call them.""",A~B,A<B,A<B
54645:43,"""you see it for, uh, you know a couple of hours or an hour""",A~B,A<B,A~B
173411:18,and then they have naps or rest period.,A~B,A>B,A>B
168438:37,"""i've never had a, a punishment or a, a crime like a murder touch my immediate family""",A~B,A<B,A~B
93867:26,"""but if it's like a social activity or a recreational activity, i don't mind""",A~B,A>B,A>B
70078:22,"""have y'all been having any heat waves or like the ninety degree,""",A~B,A>B,A~B
170249:63,"""you know. because it's not a person's fault that, you know, people not buying or businesses are, are not on the up and up all the time, you know.""",A~B,A>B,A>B
173510:113,"""well, it seems like, well it, it seems as if in the past typically there have been a lot of cases of people being wrongly tried or wrongly punishedb,""",A<B,A~B,A~B
95445:55,"""we use it more for just writing programs when we need to or, um, doing research, looking at the speech signal and then doing writing, and also as a just as a terminal,""",A<B,A~B,A~B
127327:49,"""i wonder how they're going to get through the winter. food wise or any wise,""",A<B,A~B,A<B
155861:103,"""but i, i think that there are, there are advantages to having seniority and, uh, turn-, or, not having a complete turnover every, some small number of years.""",A~B,A>B,A>B
136298:23,"""and there are parts of downtown or near downtown dallas that are under water right now, i guess,""",A~B,A>B,A~B
159476:33,"""and i haven't really gone out, and bought any or listened to much on the, on the radio except for classical""",A~B,A>B,A>B
97884:143,"""and have, have some kind of real good program, set up so that you, when you go you can be assured that if there's an emergency that person in charge knows c p r or first aid""",A~B,A>B,A>B
95601:41,do you think you d base is more flexible or allows you to do more.,A~B,A>B,A<B
111943:55,"""where do you go if you like to have a nice meal out, or a big meal.""",A~B,A>B,A~B
14114:23,"""normally i listen to c n n or headline news A~Bout an, hour a day,""",A~B,A>B,A>B
139466:13,you pour bouillon or chicken broth over it,A~B,A>B,A<B
49833:71,"""but they would go out and try to go for, uh, the best people and then mold them into different areas or find their natural niche.""",A~B,A<B,A~B
75070:30,"""it's all new wiring up in the attic, or i guess crawl space,""",A~B,A>B,A~B
44591:124,"""and, uh, she's been holding herself pretty well. the, uh, up until, you know, recently where she's been having accidents in the house because she either is losing control or she forgets where she isf""",A~B,A<B,A~B
48175:48,and we tried to be a part of it but not overshadowing him or making him feel that we had to be there all the time.,A~B,A>B,A<B
21390:163,"""and that really made it a very interesting, uh, show to where you never really knew which, which one was going to show up. you know, whether it was going to, where they're going to A~Bbe real close or whether they're just going to be partners, you know""",A>B,A~B,A~B
52732:129,"""because too, too often, there can be extremism that, that hurts from, from any direction, regardless of wha-, whatever you're arguingb or concerneda A~Bout.""",A~B,A>B,A>B
169350:140,"""if you were deeply involved in it, then you immediately realize that what they print is stuff that you probA~Bly knew already and the stuff that you want they're not printing because the average person doesn't need or want to know that much.""",A~B,A>B,A~B
157511:153,"""well, the, the one thing that i know does seem to happen from people i've talked toc on this, is that in the situation you just said where it's nine to three, or some such number, that there's, an effect starts being that there's starts being a lot of peer pressure going on""",A~B,A>B,A~B
166593:34,once i found out that that's really not necessary or legal then i just refuse,A~B,A<B,A~B
31185:89,"""uh, well, just over the years there were situations that, uh, uh, came up that i didn't thinke were fair or handled correctly""",A~B,A>B,A~B
2462:69,"""but if we're going to have a meeting, where we're having the attorneys come in, or people from, uh, other party's attorneys and stuff, then i normally dress up.""",A~B,A>B,A~B
81171:123,"""i, i hear a lot of criticism A~Bout listening to these, the dan rathers of the world and, and listen-, and taking their word for it, or their comment,""",A~B,A>B,A~B
53823:87,"""putting them in, i mean, they were, they were call-, they called them their quiet rooms or their isolation rooms.""",A~B,A<B,A<B
172194:58,"""i've found that most of homework assignments mumblex really require some sort of computer, uh, simulation or analysis,""",A~B,A>B,A>B
55814:50,"""but if i were you, i would go apply to either a health club or one of the others and use it for a while.""",A~B,A>B,A>B
109003:96,"""i find a lot of the cookbooks that, i don't know, that you buy over the counter ask for really strange ingredients, or things i don't keep on hand all the time""",A~B,A<B,A>B
105161:44,"""and how can a country stand to, uh, spend as much or much more than they already are on such a problem, uh,""",A~B,A<B,A<B
17349:18,"""they do kind of follow or, are similar.""",A~B,A>B,A<B
95657:81,"""i, i especially agree that if it's an area where they could cause somebody else, you know harm or injury, A~Bsolutely.""",A~B,A<B,A<B
74642:57,"""it, unfortunately, it's a, and it's a business or an occupation that the results are not as tangible as other ones""",A~B,A<B,A~B
110391:68,"""well, and i think a lot of companies are realizing this and offering more opportunities as far as like job sharing or, you know, even having a day care on site and that kind of stuff,""",A~B,A<B,A>B
161931:92,"""i mean, i can't help but wonder if, if i grew up without a father, on the streets, and with like little or no money, wouldn't wouldn't i be in prison at this point.""",A<B,A~B,A~B
73520:26,they are not all things to all people or all children.,A~B,A<B,A<B
134703:78,"""and, uh, right now we're in a, uh, i guess it's either a zero lot line or a garden home. which you might call it.""",A~B,A<B,A<B
8889:22,i make a lot of afghans or used to make a lot of them.,A~B,A<B,A~B
112417:64,my husband was saying that up north they have such nice restaurants where you can go after a theater or after the movie.,A<B,A~B,A~B
50432:162,"""it's, it's, uh, there, there is, there is, itf's an overall problem in, in, in this country understanding, uh, foreign cultures, or even accepting them.""",A~B,A>B,A>B
55495:27,and no one is staring at anybody else or worrying A~Bout what anything else is doing.,A~B,A<B,A>B
13468:42,"""they just, you know, start going through the phone book or going through a series of numbers,""",A~B,A>B,A~B
15207:70,"""well, it sounded like, i mean, this is like major long term commitment, like a year or six months,""",A~B,A<B,A~B
69541:82,"""and if, e-, even if, like you say, even if it's just the secretary, if her work or A~Bilities start affecting her co-workers then it, it's still a problem.""",A~B,A>B,A~B
26390:57,"""well, ford's done a real good job in the last, uh, say, ten years or at least the last five to te-, six years, so, of really turning around their, um, quality, i think, um.""",A~B,A>B,A~B
130722:82,"""but, uh, they have sort of like, uh, things that you c-, you're not like reimbursed ford or paid for.""",A~B,A>B,A>B
13362:27,"""uh, we've been doing this three or four minutes.""",A~B,A<B,A~B
20080:60,"""currently, i think they are a little restrictive. uh, particularly for, uh, certain ethnic groups or from certain countries.""",A~B,A<B,A~B
68148:38,"""they just, uh, started it again, too just late, or, within the past few years.""",A~B,A>B,A>B
111042:70,"""and it's just great because you can put, you know, you can decorate them up, or dress them up, if you want,""",A~B,A<B,A<B
26845:102,"""and, i guess even back to kennedy, as a matter of fact, i guess kennedy may be the one that actually started the thing, or was, you know, really interested in things like that.""",A~B,A>B,A>B
143249:92,"""and you can cut, you know, the listings, uh, in A~Bout a third when you go from three to four bedrooms you know, or five.""",A~B,A<B,A~B
37011:85,"""but gorbachev has still not fully convinced everyone that, he's moving towards a two to three party system of government that, nor eliminating or diminishing the communist power,""",A~B,A>B,A>B
14875:209,"""but the guy at the very top, the one who's, whoc's really making the millions and the millions is the one who also many times is part of the power structure, uh, the, uh, and had the political uh, pull to keep things from, uh, keep the interest or the emphasis in some other direction, other than on the drug dealing,""",A~B,A>B,A<B
82982:71,"""and, and, you think, if i wasn't here he'd be learning that from a bA~By-sitter or from a day care.""",A~B,A>B,A<B
41706:73,"""because maybe they, those are not the clothes that are the most, uh, appealing to you, or the most, uh, complimentary to you.""",A~B,A>B,A~B
174072:59,"""uh, i guess the topic is trial by jury and how we should change that or how we would change it.""",A<B,A~B,A<B
57651:59,"""i'm convinced that the small v eight like the, the mustang's original two eighty-nine or some of the chevy two eighty-threes, were good little v eight engines that were not gas guzzlers""",A<B,A~B,A~B
156479:48,"""i, i don't trust myself with using a calculator or computer, y-, too much stuff like that because i want to make sure that, that i, i keep on top of the numbers and understand what's going on.""",A~B,A<B,A>B
52433:93,"""he, he happens to be, uh, a friend of one of her, her business associates. and, or, not, not a friend, a cousin, a cousin.""",A~B,A<B,A~B
167079:57,"""like for petty, for theft and, and stuff like that or manslaughter, you know, i don't think they should do that.""",A<B,A~B,A~B
9174:38,"""uh, what do you think individuals could do, or society could do to alleviate this problem.""",A~B,A<B,A~B
143588:93,"""and, uh, people there were saying that the way that the schools were goingb, a lot of people were going away and going to private schools, or else going to home, where they taught their kids at home. or, you know, anything but the public schools and the ones that did have, you know, the kids,""",A>B,A~B,A~B
121355:48,"""and any time there's, there is a budget cut or crunches, it's always the small guy that, that gets hurt.""",A~B,A>B,A>B
96875:30,"""i do not know if he was a general or, you know, what his rank was,""",A~B,A>B,A>B
48293:58,"""i guess i have never heard of a, a robbery being foiled or spoiled because the person whoe's being robbed had a gun.""",A~B,A>B,A~B
166652:28,and you start getting millions of calls or solicitations.,A>B,A<B,A<B
152148:57,"""i mean, the examinations and, and, uh, checkups every year, or every six months are free""",A~B,A<B,A~B
153003:37,and you know they are usually either that way with everybody or friendly to everybody.,A~B,A>B,A~B
160000:141,"""and, uh, i guess, uh, first and foremost, it, really it's a question of what the student wants to have in the way of a career and then, uh, uh, which colleges or universities can best offer that program,""",A<B,A~B,A<B
41798:95,"""and, uh, and i find even, even at home here now, i, i will wear blue jeans or i'll wear shorts and what have you, uh, and be very comfortA~Ble""",A~B,A>B,A~B
42190:40,"""menc breaking in, uh, to houses and taking, or a man, they, they think it's the same person, taking, uh, little girls right straight out of their beds at night. and, ku-, you know, breaking in, obviously watching them in the house, because they're breaking into the right window, you know, the little girl's bedroom. and taking them out, putting them in a car and driving them out and taking them out and molesting them and then bringing them back and throwing them back in their own front yards.""",A~B,A<B,A~B
48363:20,"""you could see someone coming or dressed inappropriately, you know,""",A~B,A<B,A~B
152387:44,"""i think you would be more willing to either help that person or help it get accomplished, you know.""",A>B,A<B,A<B
138255:100,"""well and with a radial arm saw, if you do have a, a big piece of wood that you need to rip, like you say, or cutd, you wouldn't be A~Blec to do that.""",A~B,A>B,A~B
108517:95,"""uh, i, i guess i like the shows that really have a real sense of, uh, i don't know, honesty or sort of a purity value, i guess.""",A>B,A<B,A<B
171201:237,"""but a lot of time i-, a lot of cases, uh, is circumstantial evidence that, that convicts a person, which i don't think is all the time good. because sometimes it's hard to get all the facts and to prove a person innocent, i mean prove a person guilty if you don't really know or you don't really have an eyewitness.""",A~B,A<B,A>B
57971:96,"""and he did pull out before it got any further than that where, where it would have turned into more of a police action. uh, or more of a political action i guess,e you getting into their governmental affairs which you really can't do as, as another country.""",A~B,A<B,A>B
46504:48,"""and i guess maybe that's the way tokyo isc too, or japan is too.""",A<B,A>B,A>B
13874:94,"""and then you might have more control over, uh, the, the morals that they would be taught rather than in like a classroom or a day care center.""",A~B,A<B,A~B
90647:28,"""and i'm not sure that the private schools or parochial schools address that problem,""",A~B,A<B,A<B
19130:45,"""and now that with gorbachev is introducing more, i guess, freedoms or expressions of freedom, it doesn't look as though, you know, everybody's following the same pattern.""",A<B,A>B,A<B
87739:34,"""although she, herself, had never really accepted jesus or gone through any of the other, uh, christian, uh, portions of, of the faith, repentance, baptisms, et cetera, et cetera. she had always felt a very strong, uh, leaning in this direction.""",A<B,A>B,A<B
14407:35,so you couldn't really tell if it was just him or the team,A~B,A>B,A~B
104317:89,"""and, uh, it kind of makes me listen a little closer to, to the piano when i hear it at other places, or when i, you know, see some, see and hear someone playing.""",A~B,A>B,A<B
21448:96,"""and and, well, of course, another one of their mistakes, i thinkd, is they have a tendency to change characters, or to change the characters', uh, uh, personalities well, especially after they get married.""",A<B,A>B,A<B
144793:82,"""uh, it was really frightening to, think that, uh, it's not even safe to drive onto the tollway, or for those people in the tollbooth.""",A<B,A~B,A~B
26538:60,"""we won't, we don't, we won't get the recorder or the, uh, system to shut us off, uh, tonight.""",A~B,A>B,A>B
174845:49,"""they test you, uh, before they, before you start or before you even interview""",A<B,A>B,A<B
40150:31,"""and they kind of just scoot out of his way or take a step back, you know,""",A<B,A>B,A>B
9650:26,"""and i usually make time in my day or my week, you know, to watch those.""",A~B,A>B,A~B
24633:46,"""so i don't know if i wasn't drug tested based on that or because the man who hired me didn't request the drug test, because i know that my company does drug testing on occasion.""",A~B,A>B,A~B
103990:134,"""i guess i enjoy, i enjoy jazz, listening to jazz sometime although i don't feel like i have a good, g-, good understanding of it, or a good, a good feel for maybe what's good jazz and what's not,""",A~B,A>B,A>B
31165:126,"""but, uh, being one of these late in life mothers, i've listened to everybody else's, you know, complaints as to wha-, what's the matter with either their kids or the school system.""",A~B,A<B,A~B
67555:107,"""have you ever had a, uh, it's kind of slightly off the subject, but you ever had a, uh, a blood workup done recently or since you've been biking, to see if it,""",A<B,A~B,A>B
171530:129,"""so it's a lot, it's very hard on a nonfixed income because i don't know how many days i'm going to be called in and whether i am or not, to try to keep track of finances.""",A~B,A>B,A~B
59539:31,"""like you said if you had four kids, or even if you had two kids, you would be paying all your salary to pay for those two kids to go.""",A~B,A<B,A~B
115553:41,"""you want to go ahead and tell me your favorite team, or who you think will be doing well this year.""",A~B,A>B,A~B
112092:38,"""i don't feel that that should be any excuse at all or any deterrent ag-, uh, you know reason to not use capital punishment.""",A~B,A>B,A~B
6724:57,"""they could send all the people over to, uh, you know, one particular part of town or one particular project, that somebody had paid somebody to, you know, get supported,""",A~B,A<B,A~B
31268:79,"""the people that took, you know, the lower level courses, i sometimes wondered, you know, are they really even educatA~Ble or trainA~Ble""",A~B,A>B,A<B
31200:26,"""it was told to me or suggested to me, uh, that to work as a teacher in the public school systems in the state of texas, and i think it's similar in, in many other states, if you have a degree in a technical field you do not need a teaching certificate because there is such a shortage of, uh, people to teach math and sciences.""",A<B,A>B,A>B
176348:81,"""but where it's not necessary, uh, in that regard, where it's not an immediate threat to life and limb or property uh, i, i'd, i would seriously question it.""",A~B,A>B,A~B
153376:44,"""so frank, what, uh, type of, uh, budget do you or your family have.""",A<B,A>B,A<B
94770:69,"""and again, it's not, it's not cheap to rent the lodge up there or the meeting room down in the cA~Bins and such,""",A~B,A>B,A~B
113845:53,"""the biggest, you know, the biggest outlaid expense has always been either wars or defense.""",A~B,A>B,A>B
170868:28,"""if they're associated with a college or a university, they're usually a pretty good bet.""",A~B,A<B,A<B
76810:84,"""and, uh, itc's too bad that all this stuff is just being thrownf into a data base, and that none of the ideas or thoughts are being used at all.""",A~B,A>B,A>B
163718:34,"""but they're not in it to say anything or give a message which is what they were do-,""",A<B,A>B,A~B
51019:56,"""i, i know the government sells information to private companies A~Bout individuals or families.""",A~B,A>B,A~B
109263:30,"""so depending on what your major is, or medical, you might want to atteck-, some, um, attend somewhere like tech""",A~B,A<B,A<B
11323:99,"""that's what i do with a lot of my daughter's things is i'll store her, you know, like her out dated or, out of, out of season clothes in them""",A~B,A<B,A~B
151762:61,"""it's burned so completely, that you don't have any, uh, nitrous oxides, uh, or oxides of nitrogen, uh, to, uh, form because of, by virtue of the very combustion process of the diesel engine, because diesel oil is, uh, is not very volatile. you know, where gasoline, if you leave a little pail of gasoline out before long it's gone.""",A~B,A>B,A>B
4535:29,"""and more and more people start believing them or wondering how to combine them with other things,""",A<B,A~B,A<B
52648:55,"""i would like to see some, some kind of reform, or some kind of streamlining so that, if a person is, um, convicted, and sentenced to, to death, that that automatic appeal which goes in could be more quickly dealt with.""",A~B,A>B,A<B
62433:170,"""and maybe rather than just, require somebody to join like the peace corps for a year maybe like, um, during college, you know, maybe have some kind of course where they'd be required to do some kind of community service type work, and help people in that area or people in the united states.""",A~B,A<B,A>B
104214:48,"""so, um, i always think it's a nice break from the traditional organ or piano.""",A~B,A>B,A~B
46192:69,"""but then at the ver-, in the fourth quarter they'd let them get up there either with them or, you know, right ahead of them.""",A~B,A<B,A~B
128305:35,"""occasionally, some ice skating will come on, on a sunday or during the olympics""",A~B,A<B,A~B
104342:42,"""and i couldn't tell whether some parts of town had started it or if it was just everybody was, was waiting for the delivery of whatever those containers were.""",A<B,A>B,A<B
138291:77,"""i'd, i'd kind of like to, to look at equipment like a lathe or like you say, a tA~Ble saw and some of those things that would make, uh, some pretty nice, uh, pieces of, uh, well, wood, for, for different things for tA~Bles, for, for, uh, chairs, for, you know, decks and so forth""",A~B,A>B,A~B
3096:47,"""and we monitor, um, anything that comes out of a stack, or out of a building,""",A~B,A>B,A<B
168838:150,"""and if they're, you know, if they're on some kind of, you know, contol-, controlled substance then, you know, it kinds of takes away from the job of, you know, the supervisor or manager type person, you know, who is A~Ble to evaluate them.""",A~B,A>B,A~B
87877:62,"""and, uh, because she could claim she was married, she could get, uh, an apartment or a condominium in a very exclusive building in new york that had a garden, an, an, an outside garden, whicha is very unusual there.""",A~B,A<B,A~B
159334:42,"""and, you know, it was very difficult for either them or my grandfather to take care of her since she was, uh, you know, could not do very much for herself after the stroke.""",A~B,A<B,A~B
127532:70,"""by the time i get homea, all i want to do is just collapse or sit down at my computer""",A~B,A>B,A~B
120851:76,"""well, um, i have gone to girl's camp a few times, as a, you know, a chaperon or a leader, whatever""",A~B,A>B,A<B
73659:91,"""is it, is it the one that needs, needs more supervision that has a bad influence on the older or more mature one.""",A>B,A~B,A>B
120949:44,"""now is there anything, uh, are there any mountains or big rocks a person could hike around this area.""",A<B,A>B,A>B
51633:46,it's hard to tell how much has been that or how much is just her.,A~B,A<B,A~B
163620:59,"""i find myself, uh, listening to a lot of, uh, uh, either old timer or new england, uh, dance bands as well as, uh, just more popular folk music and new artists coming up.""",A~B,A<B,A~B
138712:57,"""uh, i don't remember what they call it, sort of like a positive, negatives or some, some kind of word they use when a, uh, you get a, uh, a positive indication of drugs, but there's not really, there weren't really any there.""",A~B,A>B,A>B
147886:19,usually involving the prime minister or people very close to him.,A~B,A>B,A~B
112263:70,"""but our favorite when you have a little more to spend, is to go to taiwan or may dragon.""",A~B,A<B,A~B
29489:84,"""againd not having, uh, lived through another war, i don't know if that's a common thing that people thought of, or if that was a new concern with people.""",A~B,A<B,A~B
89690:14,"""whatever you ask or scream when i'm on the phone, the answer is no.""",A~B,A<B,A<B
120009:68,"""and there really is a lot we could be doing stateside without, uh, hurting our international aspects or straining any international relations i think,""",A<B,A>B,A>B
159146:81,"""you know some of the health insurance is written that way. you know, that, uh, if you buy an accident and death or dismemberment policy, you know, it s-, pre specified in the policy so much""",A<B,A>B,A~B
19728:70,where's some reference to this goddamn state of texas and the role that they played either leading up to or in the civil war.,A~B,A<B,A~B
173714:78,"""uh, people are, uh, reluctant to pass, uh, school tax levies even, uh, when the money is needed or would be well spent because it's, uh, they don't have kids in the schools.""",A~B,A>B,A~B
169391:49,"""something that you cared A~Bout happened, you'd find out from friends or other channels.""",A~B,A>B,A~B
146661:26,and i can take plastic like milk cartons or if they have water in them,A~B,A>B,A~B
39729:68,"""but usually if i'm, if i'm, if i take a day off or on the weekend especially, i try to cook, real, real food.""",A~B,A<B,A~B
156153:26,"""well, i would probA~Bly be a junkie or s-, watch c n n a lot,""",A~B,A>B,A~B
86575:41,a lot of my travel has been sort of based around conferences or business meetings,A~B,A>B,A>B
77160:37,"""an awful lot of people know where it is, or have been there.""",A~B,A<B,A<B
160767:43,"""so much of it, is now just going to service debt or you know, is going in, into, into programs that, you know,""",A~B,A>B,A~B
124492:25,"""there's was twins there, or, you know skip williams.""",A~B,A<B,A~B