"enjoyment","workerid","age","language","fairprice","education","comments","gender","asses","speaker_cond"
2,0,31,"English",1,2,"Everything was clear and loaded fine","Female","Yes","exp01"
2,1,55,"English",1,2,"Everything worked well","Male","Yes","exp01"
1,2,29,"English",1,3,"","Female","Yes","exp01"
1,3,32,"English",0,2,"","Female","Yes","exp01"
1,4,34,"English ",1,2,"","Female","Yes","exp01"
2,5,45,"English",1,3,"","Female","Yes","exp01"
2,6,43,"English",1,2,"","Female","Yes","exp01"
2,7,49,"English",1,3,"","Male","Yes","exp01"
2,8,51,"English",1,3,"none","Male","Yes","exp01"
1,9,33,"English",1,2,"""but not all"" is very... Odd to throw into sentences. Redundant most of the time but a few of them it completely changed the meaning","Male","Yes","exp01"
1,10,44,"English",1,3,"Good HIT.","Male","","exp02"
1,11,62,"English",1,1,"I hope my answers help with your study.
","Male","Yes","exp02"
2,12,36,"English",1,2,"","Other","Yes","exp02"
0,13,33,"ENGLISH",0,3,"","Female","Yes","exp02"
1,14,53,"English",1,4,"","Female","Yes","exp02"
1,15,29,"English",1,2,"None","Male","Yes","exp02"
1,16,41,"English",1,3,"","Male","Yes","exp02"
2,17,39,"hungarian",1,3,"none","Female","No","exp02"
2,18,42,"english",1,3,"Very interesting.","Male","Yes","exp02"
2,19,47,"english",1,1,"good","Female","Yes","exp02"
1,20,39,"English",1,3,"","Male","Yes","exp03"
1,21,35,"English",1,3,"","Male","Yes","exp03"
0,22,59,"english",1,3,"good","Male","Yes","exp03"
2,23,28,"English ",1,3,"I was slightly confused about when to check the box for the blue sentence not making sense. That is why some of my answers might look odd. ","Female","Yes","exp03"
1,24,54,"english",1,3,"","Female","Yes","exp03"
1,25,38,"english",1,1,"n/a","Male","Yes","exp03"
1,26,44,"English",1,1,"","Male","Yes","exp03"
1,27,26,"english",0,2,"","Male","Yes","exp03"
2,28,31,"english",1,1,"","Male","Yes","exp03"
2,29,24,"English",1,3,"nice","Male","Yes","exp03"
1,30,41,"English",1,3,"","Male","Yes","exp04"
1,31,26,"vietnamese",1,3,"","Female","Yes","exp04"
2,32,45,"English",1,1,"","Female","Yes","exp04"
1,33,39,"English",1,4,"","Male","Yes","exp04"
1,34,31,"English",1,3,"","Male","Yes","exp04"
1,35,46,"English",1,3,"","Female","Yes","exp04"
1,36,40,"english",0,2,"","Male","Yes","exp04"
1,37,36,"English",1,3,"","Female","Yes","exp04"
2,38,32,"English",1,3,"You asked if the second sentence was strange but what if both were strange sounding? ","Male","Yes","exp04"
1,39,33,"english",0,3,"very good","Female","Yes","exp04"
1,40,22,"english",1,2,"","Male","Yes","exp05"
1,41,30,"english",1,2,"","Female","Yes","exp05"
2,42,40,"English",1,3,"","Male","Yes","exp05"
2,43,29,"English",1,1,"","Female","Yes","exp05"
1,44,47,"english",1,2,"","Female","Yes","exp05"
1,45,33,"english",1,1,"","Female","Yes","exp05"
2,46,34,"English",1,3,"Thank you!","Female","Yes","exp05"
1,47,35,"English",0,2,"","Female","Yes","exp05"
2,48,29,"Spanish, English",1,1,"","Female","Yes","exp05"
1,49,28,"English",1,2,"","Male","Yes","exp05"
1,50,67,"english",1,-1,"The sentences were a little difficult to follow","Male","Yes","exp06"
1,51,56,"English",1,3,"","Male","Yes","exp06"
1,52,50,"English",1,3,"","Male","Yes","exp06"
2,53,27,"English",1,2,"","Female","Yes","exp06"
1,54,62,"English",1,2,"","Female","Yes","exp06"
2,55,37,"English",1,4,"","Male","Yes","exp06"
1,56,29,"english",0,1,"","Male","Yes","exp06"
1,57,34,"English",1,3,"None","Male","Yes","exp06"
2,58,25,"English",1,3,"nothing","Male","","exp06"
1,59,22,"english",0,2,"","Male","Yes","exp06"
1,60,40,"English",1,4,"","Male","Yes","exp07"
2,61,30,"english",1,3,"","Female","Yes","exp07"
1,62,33,"english",1,3,"very good","Male","Yes","exp07"
2,63,18,"English",1,2,"Fun and quick","Male","Yes","exp07"
1,64,36,"English",1,2,"","Female","Yes","exp07"
2,65,26,"english",1,2,"","Male","Yes","exp07"
1,66,29,"english",1,2,"none","Male","Yes","exp07"
2,67,41,"english",1,2,"","Male","Confused","exp07"
1,68,34,"English",0,3,"Good Survey","Male","Yes","exp07"
1,69,32,"English",1,2,"","Female","Yes","exp07"
2,70,41,"English",1,4,"","Female","Yes","exp08"
1,71,19,"English",1,2,"","Male","Yes","exp08"
1,72,26,"English",1,3,"None","Female","Yes","exp08"
2,73,45,"Hindi",1,3,"","Female","Yes","exp08"
2,74,35,"english",1,3,"it was fun
","Male","Yes","exp08"
-1,75,NA,"",-1,-1,"","","","exp08"
2,76,41,"English",1,2,"There was some confusion as many of the second sentences didn't make sense. ","Male","Yes","exp08"
0,77,47,"english",0,0,"good","Female","Yes","exp08"
2,78,32,"English",1,3,"","Male","Yes","exp08"
2,79,35,"English",1,3,"","Female","Yes","exp08"
0,80,28,"english",0,3,"","Male","Yes","exp09"
1,81,28,"English",1,-1,"","Male","Yes","exp09"
2,82,58,"English",1,2,"","Female","Yes","exp09"
1,83,23,"English",1,3,"","Male","Yes","exp09"
2,84,26,"English",1,3,"","Male","Yes","exp09"
2,85,23,"english",1,3,"good","Female","Yes","exp09"
1,86,42,"English",1,3,"The difference between the sentence was not always entirely clear","Female","Yes","exp09"
1,87,66,"English",1,1,"","Female","Yes","exp09"
1,88,24,"English",1,3,"","Female","Yes","exp09"
1,89,43,"english",0,3,"","Female","Yes","exp09"
1,90,28,"english",1,3,"","Female","Yes","exp10"
1,91,42,"english",1,3,"","Male","Yes","exp10"
1,92,29,"English",1,3,"","Female","Yes","exp10"
2,93,44,"English",1,3,"","Male","Yes","exp10"
1,94,30,"english",1,2,"one of the sentences in blue just said XXX, may want to look into that","Male","Yes","exp10"
1,95,26,"English",1,3,"","Female","Yes","exp10"
2,96,45,"English",1,2,"This was very interesting. I like how the sentence structure was written in a conversation type flow. That gave it some extra challenge to read as if someone was saying it in a conversation.","Male","Yes","exp10"
1,97,35,"english",1,3,"none","Male","Yes","exp10"
2,98,26,"English",1,3,"good","Female","Yes","exp10"
2,99,49,"English",1,3,"","Male","Yes","exp10"
0,100,49,"English",0,2,"","Male","","exp11"
2,101,35,"english",1,1,"","Female","Yes","exp11"
1,102,37,"English",1,4,"no","Female","Yes","exp11"
1,103,32,"english",1,2,"","Male","Yes","exp11"
1,104,28,"English",1,3,"","Male","Yes","exp11"
1,105,33,"English",1,3,"","Female","Yes","exp11"
1,106,29,"English",1,2,"","Male","Yes","exp11"
2,107,22,"English",1,1,"","Male","Yes","exp11"
1,108,45,"english",0,3,"None","Male","Yes","exp11"
1,109,29,"English",1,3,"","Male","Yes","exp11"
2,110,28,"English",1,4,"","Female","Yes","exp12"
2,111,26,"English",1,2,"Thank you!","Male","Yes","exp12"
0,112,30,"english",1,2,"None, thanks for this.","Male","Yes","exp12"
1,113,39,"English",1,3,"No comment","Male","Yes","exp12"
2,114,40,"English",1,3,"none","Male","Yes","exp12"
2,115,37,"English",1,1,"","Female","Confused","exp12"
1,116,35,"English",1,2,"thank you have a wonderful day. In case no one has told you today I am proud of all you do. ","Female","Yes","exp12"
1,117,54,"English",1,4,"Calling what is given to analyze ""sentences"" is most cases is fairly generous, or even incorrect, as often there is no discernible subject, action, or object.  What is given are verbal statements, often grammatically incorrect, of which the respondent is asked to differentiate and rate often subtle change in meaning with the inserted phrase, ""but not all"" after the word ""some"".  Hence, an interesting, but very subjective  task.  By the way, as long as you asked, the payment offered is more than fair.  Good luck with your research!","Male","Yes","exp12"
2,118,70,"English",1,3,"I have nothing more to add at this time","Male","Yes","exp12"
1,119,60,"English",1,4,"","Female","Yes","exp12"
1,120,22,"english",0,2,"","Male","Yes","exp13"
1,121,25,"English",1,4,"","Male","Yes","exp13"
2,122,33,"Turkish",1,4,"","Female","Yes","exp13"
1,123,32,"English",1,2,"","Male","Yes","exp13"
1,124,44,"English",1,2,"","Female","Yes","exp13"
2,125,68,"english",1,2,"it was fun to do","Male","Yes","exp13"
1,126,28,"English",1,3,"","Male","Yes","exp13"
1,127,27,"English",0,3,"","Male","Yes","exp13"
1,128,33,"english",0,3,"is good","Male","Yes","exp13"
1,129,21,"English",1,3,"It was interesting and easy to understand!","Male","Yes","exp13"
2,130,21,"English",1,2,"Thank you!","Female","Yes","exp14"
1,131,50,"English",1,2,"Thanks good luck with your work","Male","Yes","exp14"
1,132,51,"English",0,3,"nothing","Female","Confused","exp14"
2,133,58,"English",1,2,"","Female","Yes","exp14"
1,134,23,"english",1,3,"good","Male","Yes","exp14"
-1,135,40,"",-1,-1,"","Male","Yes","exp14"
1,136,34,"English",1,4,"","Female","Yes","exp14"
1,137,45,"English",1,2,"I feel like I may have marked the sounds strange box excessively, but I went by what would be normal in a conversation. ","Female","Yes","exp14"
2,138,49,"English",1,3,"","Male","Yes","exp14"
2,139,40,"English",1,3,"","Male","Yes","exp14"
1,140,41,"English",1,3,"","Female","Yes","exp15"
1,141,47,"English",1,1,"Thank you","Female","Yes","exp15"
2,142,46,"hindi",1,3,"","Female","Yes","exp15"
2,143,30,"English",1,3,"","Female","Yes","exp15"
1,144,37,"English",1,3,"","Female","Yes","exp15"
1,145,30,"english",0,4,"good","Female","Yes","exp15"
1,146,31,"english",0,1,"","Male","Yes","exp15"
1,147,30,"english",0,3,"is good","Male","Yes","exp15"
1,148,32,"English",0,3,"","Male","Yes","exp15"
1,149,38,"English",0,4,"","Male","Yes","exp15"
1,150,28,"English",1,2,"","Male","Yes","exp16"
1,151,26,"english",1,3,"","Male","Yes","exp16"
1,152,32,"English",1,2,"","Male","Yes","exp16"
2,153,39,"English",1,3,"","Male","Yes","exp16"
2,154,42,"English",1,4,"None, thank you.","Male","Yes","exp16"
1,155,30,"English",1,3,"","Male","Yes","exp16"
1,156,41,"English",1,3,"This was kind of weird.","Male","Yes","exp16"
2,157,39,"english",1,3,"","Female","No","exp16"
0,158,47,"english",0,0,"good","Female","Yes","exp16"
2,159,30,"Hmong",1,3,"","Male","Yes","exp16"
1,160,30,"English and Spanish",1,3,"","Male","Yes","exp17"
2,161,25,"English",0,3,"","Male","Yes","exp17"
2,162,44,"english",1,3,"","Female","Yes","exp17"
2,163,65,"english",1,4,"Many of the sentences were very poorly written.","Male","Yes","exp17"
2,164,31,"English",1,3,"","Female","Yes","exp17"
1,165,44,"english",1,3,"","Female","Yes","exp17"
1,166,23,"English",1,1,"","Male","Yes","exp17"
0,167,47,"english",0,0,"good","Female","Yes","exp17"
1,168,28,"English",1,3,"thank you!","Male","Yes","exp17"
1,169,19,"english",1,1,"","Male","Yes","exp17"
1,170,26,"english",1,2,"","Male","Yes","exp18"
1,171,56,"english",1,1,"","Female","Yes","exp18"
2,172,36,"English",1,2,"None","Female","No","exp18"
1,173,34,"English",1,3,"","Female","Yes","exp18"
2,174,26,"English",0,4,"","Male","Yes","exp18"
1,175,43,"English",1,3,"Interesting ","Male","Yes","exp18"
2,176,27,"English, Spanish ",1,3,"","Male","Yes","exp18"
0,177,47,"english",0,0,"good","Female","Yes","exp18"
-1,178,40,"English",-1,1,"","Female","Confused","exp18"
1,179,25,"English",1,2,"","Female","Yes","exp18"
2,180,37,"english",1,3,"n/a","Female","Yes","exp19"
2,181,45,"English",1,1,"","Female","Yes","exp19"
1,182,42,"English",1,3,"","Male","Yes","exp19"
1,183,44,"English",1,4,"thanks","Female","Yes","exp19"
1,184,31,"English",1,3,"","Female","Yes","exp19"
1,185,23,"English",1,2,"","Male","Yes","exp19"
1,186,39,"English",1,4,"","Female","Yes","exp19"
2,187,32,"English",1,3,"","Female","Yes","exp19"
1,188,27,"english-spanish",1,3,"","Female","Yes","exp19"
1,189,30,"english",0,2,"","Male","Yes","exp19"
1,190,24,"English",1,3,"","Female","No","exp20"
2,191,44,"English",1,3,"","Male","Yes","exp20"
2,192,30,"english",1,2,"","Female","Yes","exp20"
1,193,37,"English",1,3,"","Female","Yes","exp20"
1,194,29,"English",1,3,"I think $1 would have been appropriate. ","Female","Yes","exp20"
0,195,47,"english",0,0,"good","Female","Yes","exp20"
1,196,28,"english",0,2,"","Male","Yes","exp20"
1,197,35,"english",1,3,"","Female","Yes","exp20"
2,198,52,"English",1,4,"Sometimes both sentences sounded strange.","Female","Yes","exp20"
2,199,49,"English",1,3,"","Male","Yes","exp20"
1,200,43,"engllish",1,2,"","Female","Yes","exp21"
1,201,40,"English",1,1,"","Male","Yes","exp21"
1,202,65,"English",1,4,"None","Male","Yes","exp21"
2,203,34,"English",0,4,"","Male","Yes","exp21"
2,204,61,"English",1,2,"Thanks!","Female","Yes","exp21"
1,205,46,"english",1,2,"This was fun! Thank you.","Male","Yes","exp21"
1,206,28,"English",0,2,"","Male","Yes","exp21"
1,207,40,"English",1,3,"That was pretty difficult to be honest, but I tried my best. I think I did alright.","Male","Yes","exp21"
2,208,30,"English",1,2,"","Female","Yes","exp21"
2,209,24,"English",1,2,"","Male","Yes","exp21"
2,210,29,"english",1,3,"","Male","Yes","exp22"
2,211,26,"English",1,3,"","Female","Yes","exp22"
1,212,35,"English",1,1,"","Male","Yes","exp22"
1,213,36,"English",0,3,"","Female","Yes","exp22"
2,214,58,"English",1,2,"","Female","Yes","exp22"
1,215,42,"english",1,3,"none thanks","Female","Yes","exp22"
1,216,40,"English",1,3,"","Male","Yes","exp22"
1,217,31,"English",1,3,"No technical issues, but others on turkopticon were reporting 404s","Male","Yes","exp22"
2,218,39,"English",1,4,"Like the survey.","Male","Yes","exp22"
2,219,24,"english",1,3,"","Male","Yes","exp22"
2,220,61,"English",1,1,"","Male","Yes","exp23"
2,221,35,"english",1,3,"it was fun","Male","Yes","exp23"
1,222,55,"english",1,3,"","Female","Yes","exp23"
1,223,36,"English",1,3,"this was interesting ","Female","Yes","exp23"
2,224,45,"english",1,3,"nothing, thank you","Female","Yes","exp23"
1,225,37,"English",1,3,"","Male","Yes","exp23"
1,226,30,"english",0,4,"good","Female","Yes","exp23"
1,227,32,"english",0,2,"","Female","Yes","exp23"
2,228,39,"English",1,3,"Very interesting.","Male","Yes","exp23"
1,229,61,"english",1,3,"","Male","Yes","exp23"
2,230,30,"English",1,3,"nice survey","Male","Yes","exp24"
1,231,36,"English",1,3,"","Female","Yes","exp24"
1,232,36,"English",0,3,"No comment","Female","Yes","exp24"
2,233,31,"English",1,2,"None, thank you.","Female","No","exp24"
1,234,58,"English",0,3,"What's up with all the ""uh's""? Very awkward...","Female","Yes","exp24"
2,235,42,"English",0,3,"","Male","Yes","exp24"
2,236,22,"english",1,3,"","Male","Yes","exp24"
1,237,37,"English",0,3,"","Female","Yes","exp24"
1,238,29,"english",0,3,"","Female","Yes","exp24"
2,239,39,"English",1,3,"","Female","Yes","exp24"
2,240,27,"English",1,3,"","Male","Yes","exp25"
1,241,31,"English",1,3,"","Female","Yes","exp25"
1,242,47,"english",0,0,"good","Female","","exp25"
2,243,78,"English",1,3,"Good job, thanks.","Male","Yes","exp25"
1,244,29,"English",1,3,"","Female","Yes","exp25"
1,245,62,"English",1,2,"I think colloquialism in language allows a lot of room for expressions like these so I ranked a lot of them as same - thanks","Female","Yes","exp25"
2,246,39,"English",1,2,"","Male","Yes","exp25"
2,247,37,"English",1,3,"None","Female","Yes","exp25"
2,248,29,"English",1,3,"Its very interesting i would like it","Male","Yes","exp25"
1,249,25,"English",1,3,"","Female","Yes","exp25"
2,250,25,"English",1,3,"","Female","Yes","exp26"
1,251,32,"English",0,2,"","Female","Yes","exp26"
1,252,47,"english",0,0,"good","Female","Yes","exp26"
1,253,26,"English",1,3,"","Male","Yes","exp26"
1,254,32,"English",1,3,"Few more examples would have been nice","Male","Yes","exp26"
1,255,40,"english",1,2,"all great","Female","Yes","exp26"
2,256,53,"English",1,3,"","Male","Yes","exp26"
0,257,30,"english",0,4,"good","Female","Yes","exp26"
1,258,39,"English",1,1,"","Male","Yes","exp26"
1,259,59,"english",1,2,"","Male","Yes","exp26"
1,260,25,"english",1,3,"","Male","Yes","exp27"
1,261,24,"english",0,3,"","Female","Yes","exp27"
1,262,43,"English",1,2,"","Female","Yes","exp27"
1,263,23,"English",1,2,"","Female","Yes","exp27"
2,264,58,"Chinese",1,4,"","Female","Yes","exp27"
1,265,26,"English",0,2,"Some of it was a little confusing. ","Female","Confused","exp27"
2,266,40,"English",1,3,"","Male","Yes","exp27"
2,267,55,"Turkish",0,3,"","Female","Yes","exp27"
2,268,48,"English",1,2,"","Male","Yes","exp27"
0,269,47,"english",0,1,"good","Female","Yes","exp27"
2,270,47,"english",1,0,"good","Female","Yes","exp28"
2,271,39,"english",1,2,"","Female","Yes","exp28"
1,272,39,"English",0,3,"","Female","Yes","exp28"
2,273,49,"English",1,3,"Thank you","Male","Yes","exp28"
2,274,52,"English",1,3,"Generally, I noticed that when ""some"" wasn't used to describe a quantity, the second sentence sounded odd and the meanings were definitely different. I guess in these cases, the use of the word was technically incorrect and would be considered idiomatic? Interesting.","Female","Yes","exp28"
1,275,26,"English",0,3,"","Female","Yes","exp28"
-1,276,NA,"",-1,-1,"","","","exp28"
1,277,29,"",1,4,"","Male","Yes","exp28"
2,278,49,"English",1,3,"","Male","Yes","exp28"
1,279,45,"English",1,4,"","Male","Yes","exp28"
2,280,32,"English",1,3,"I enjoyed it thoroughly.","Male","Yes","exp29"
2,281,27,"English",1,3,"I thought this study was fun and engaging, and I viewed the pay as very fair. ","Male","Yes","exp29"
1,282,44,"English",1,3,"","Female","Yes","exp29"
0,283,43,"English",1,3,"","Male","Yes","exp29"
1,284,47,"english",0,0,"good","Female","Yes","exp29"
1,285,29,"English",1,2,"","Male","Yes","exp29"
1,286,35,"English",0,2,"","Female","Yes","exp29"
2,287,49,"English",1,3,"","Male","Yes","exp29"
-1,288,28,"English",1,3,"very nice task","Female","Yes","exp29"
2,289,38,"English",1,0,"","Female","Yes","exp29"
1,290,45,"english",1,2,"none","Male","Yes","exp30"
0,291,28,"English",1,3,"","Female","Yes","exp30"
1,292,63,"english",0,3,"it was strange","Male","Yes","exp30"
1,293,66,"English",1,4,"The sentences were odd, and not always easy to decipher.","Female","Yes","exp30"
1,294,25,"Cantonese",1,3,"none","Male","Yes","exp30"
2,295,27,"English",1,3,"","Male","Yes","exp30"
1,296,46,"English",1,3,"Some sentences were harder than others.","Female","Yes","exp30"
2,297,37,"Tagalog",1,2,"Thanks","Female","Yes","exp30"
1,298,29,"English",1,2,"No comments or feedback","Male","Yes","exp30"
1,299,35,"english",1,3,"","Male","Yes","exp30"
1,300,29,"English",1,3,"","Female","Yes","exp31"
2,301,31,"",0,2,"","Male","Confused","exp31"
2,302,23,"English",1,3,"","Male","Yes","exp31"
1,303,23,"English",0,2,"","Female","Yes","exp31"
1,304,51,"English",1,4,"","Male","Yes","exp31"
1,305,47,"english",0,0,"good","Female","Yes","exp31"
1,306,26,"English",1,2,"Thank you","Female","Yes","exp31"
-1,307,NA,"",-1,-1,"","","","exp31"
1,308,32,"English",0,2,"","Male","Yes","exp31"
2,309,45,"English",1,2,"","Female","Yes","exp31"
2,310,30,"english",0,4,"good","Female","Yes","exp32"
1,311,42,"English",1,3,"","Female","Yes","exp32"
2,312,34,"english",1,4,"","Male","Yes","exp32"
1,313,50,"English",1,4,"","Female","Yes","exp32"
1,314,42,"English",1,3,"I thought that all of the sentences were odd, if I'm being honest. I think some of them would have been easier to categorize with more context.","Female","Yes","exp32"
2,315,46,"English",0,3,"I dont know if the payment was fair because I dont know exactly how long it took","Male","Yes","exp32"
1,316,46,"English",1,3,"","Female","Yes","exp32"
0,317,47,"english",0,0,"good","Female","Yes","exp32"
1,318,33,"english",1,3,"","Female","Yes","exp32"
1,319,36,"English",1,3,"","Female","Yes","exp32"
1,320,24,"English",1,3,"","Female","Yes","exp33"
1,321,31,"United States",1,1,"","Female","Yes","exp33"
2,322,35,"English",1,2,"n/a","Female","Yes","exp33"
1,323,24,"English",1,2,"There was one strange blue sentence with XXX being the sentence. Anyway, thank you and have a nice day! ","Female","Yes","exp33"
1,324,41,"English",1,3,"I like the contrasting colors used in the survey. Makes it a little more interesting to fill out and also helped understand the directions.","Female","Yes","exp33"
2,325,34,"English",1,3,"","Female","Yes","exp33"
1,326,45,"english",1,2,"","Female","Yes","exp33"
2,327,30,"Hindi",1,3,"Interesting Hit","Female","Yes","exp33"
2,328,36,"English",1,1,"","Female","Yes","exp33"
2,329,50,"English",1,3,"","Male","Yes","exp33"
2,330,58,"English",1,2,"","Female","Yes","exp34"
2,331,31,"English",1,3,"","Male","Yes","exp34"
2,332,22,"english",1,2,"","Male","Yes","exp34"
1,333,30,"english",0,4,"good","Female","Yes","exp34"
2,334,30,"Tami,",1,2,"","Female","Yes","exp34"
1,335,32,"english",1,1,"one of the sentences just hat XXX written and I was confused to what to do with it. I hope my answers were acceptable","Male","Yes","exp34"
1,336,23,"English",1,3,"It's possible my answers were better at the end. I think it took me a little while to get used to reading the differences.","Female","Yes","exp34"
0,337,47,"english",0,0,"good","Female","Yes","exp34"
1,338,28,"english",1,1,"n/a","Male","Yes","exp34"
1,339,33,"english",1,0,"","Female","Yes","exp34"
2,340,29,"english",1,2,"God bless and good luck! You gonna have a great career and live your dreams.
","Male","Yes","exp35"
2,341,31,"english",1,1,"no comments","Female","Yes","exp35"
1,342,55,"English",1,3,"","Female","Yes","exp35"
2,343,28,"English",1,1,"","Female","Yes","exp35"
2,344,35,"United States",1,3,"","Male","Yes","exp35"
1,345,25,"English",1,1,"","Male","Yes","exp35"
1,346,27,"English",1,2,"","Male","Yes","exp35"
1,347,31,"English",1,2,"N/A","Female","Yes","exp35"
1,348,38,"English",1,2,"ty","Male","Yes","exp35"
0,349,47,"english",0,0,"good","Female","Yes","exp35"
2,350,33,"English",1,2,"","Female","Yes","exp36"
1,351,30,"english",1,3,"","Female","Yes","exp36"
1,352,50,"English",1,3,"Interesting! Have a nice day!","Male","No","exp36"
2,353,29,"English",1,3,"I enjoyed your HIT. It is more enjoyable than the average HIT, and it makes me think.","Male","Yes","exp36"
1,354,47,"english",0,0,"good","Female","Yes","exp36"
-1,355,NA,"",-1,-1,"","","","exp36"
2,356,25,"English",0,2,"Thank You","Male","Yes","exp36"
1,357,33,"english",0,3,"very good","Male","Yes","exp36"
2,358,27,"english",1,1,"","Male","Yes","exp36"
2,359,70,"English",1,2,"","Female","Yes","exp36"
1,360,24,"English",1,2,"","Female","Yes","exp37"
1,361,43,"English",1,4,"","Male","Yes","exp37"
1,362,36,"English",1,2,"None","Female","Yes","exp37"
2,363,30,"English",1,2,"","Female","Yes","exp37"
2,364,27,"English",1,3,"","Male","Yes","exp37"
2,365,46,"english",1,0,"disabled get 905 a month my rent  is 860.000 i pay the ulties trash etc my b/f of 30 years we get 200.00 in foodstamps a month reascourxes are scarce tried gofundmeknon.com no luck thanks so much it all helps","Female","Yes","exp37"
1,366,27,"English",1,0,"","Male","Yes","exp37"
1,367,30,"english",0,3,"very good","Male","Yes","exp37"
0,368,30,"english",1,4,"good","Female","Yes","exp37"
1,369,49,"English",1,1,"Thank you.","Male","Yes","exp37"
2,370,40,"English",1,3,"","Male","Yes","exp38"
1,371,59,"English",0,2,"","Female","Yes","exp38"
1,372,24,"English",1,3,"I was a bit confused with the ''some, but not all'' (or whatever phrase it was) when I first started the HIT, but I think I started to catch on, later in the HIT. ","Female","Confused","exp38"
1,373,35,"English",1,3,"","Female","Yes","exp38"
2,374,32,"English",1,3,"","Male","Yes","exp38"
2,375,44,"English",1,2,"Thank You","Female","Yes","exp38"
0,376,47,"english",0,0,"good","Female","Yes","exp38"
1,377,26,"English",1,1,"","Female","Yes","exp38"
2,378,35,"English",1,2,"very interesting","Female","Yes","exp38"
2,379,35,"English, Ukrainian",1,4,"No","Male","Yes","exp38"
2,380,32,"English",1,3,"It was an enjoyable hit and I loved it. ","Male","Yes","exp39"
1,381,32,"English",1,2,"","Male","Yes","exp39"
1,382,60,"English",1,3,"","Male","Yes","exp39"
2,383,36,"English",1,2,"","Other","Yes","exp39"
2,384,31,"English",1,1,"Just want to take the time to thank you for the opportunity, and hope you will consider me on future surveys","Male","Yes","exp39"
2,385,39,"Hungarian",1,3,"none","Female","No","exp39"
1,386,37,"English",1,3,"Thank you","Female","Yes","exp39"
-1,387,NA,"",-1,-1,"","","","exp39"
2,388,48,"English",1,2,"","Male","Yes","exp39"
2,389,49,"English",1,3,"","Male","Yes","exp39"
2,390,53,"English",1,3,"","Female","Yes","exp40"
2,391,33,"English",1,4,"","Female","Yes","exp40"
1,392,36,"English",1,3,"","Male","Yes","exp40"
2,393,52,"English",1,2,"None","Female","Yes","exp40"
2,394,48,"English",1,2,"","Male","Yes","exp40"
2,395,29,"English",1,2,"","Female","Yes","exp40"
1,396,30,"english",1,1,"","Male","Yes","exp40"
0,397,47,"english",0,1,"good","Female","Yes","exp40"
1,398,28,"English",1,2,"","Female","Yes","exp40"
2,399,41,"English",1,2,"","Female","Yes","exp40"
1,400,28,"english",0,2,"no comments","Male","Yes","exp41"
1,401,28,"English",1,3,"The last blue sentence just said XXX.","Female","Yes","exp41"
-1,402,34,"",1,4,"The last blue statement was just ""XXX"". ","Male","Yes","exp41"
2,403,50,"English",1,4,"no","Male","Yes","exp41"
2,404,40,"English",1,3,"","Male","Yes","exp41"
2,405,37,"english",1,3,"I have none, thanks!","Male","Yes","exp41"
1,406,30,"english",0,3,"very good","Female","Yes","exp41"
0,407,30,"english",0,3,"good","Female","Yes","exp41"
1,408,43,"English",0,3,"","Female","Yes","exp41"
1,409,30,"English",1,2,"None.","Male","Yes","exp41"
2,410,35,"english",1,3,"","Male","Yes","exp42"
2,411,44,"English",1,3,"Everything was clear and went great","Male","Yes","exp42"
1,412,30,"English",0,1,"Last sentence rating question the blue text was XXX. There was no other text.","Male","Yes","exp42"
2,413,44,"English",1,3,"","Female","Yes","exp42"
1,414,45,"english",1,2,"none","Male","Yes","exp42"
1,415,24,"English",0,1,"","Male","Yes","exp42"
1,416,32,"english",1,3,"","Female","Yes","exp42"
0,417,47,"english",1,0,"good","Female","Yes","exp42"
2,418,57,"English",1,3,"For the last one with the sentence XXX i hit 1 as it clearly is not relevant to the original but I also checked the box sounds strange since there was not choice such as the sentence was missing, non existent or baseless like xxx","Male","Yes","exp42"
1,419,35,"English ",1,3,"Who talks like that ðŸ˜‚","Female","Yes","exp42"
1,420,26,"English",0,3,"This survey is very perfect.","Male","Yes","exp43"
1,421,44,"English",1,2,"","Female","Yes","exp43"
1,422,34,"English ",1,2,"","Male","Yes","exp43"
2,423,23,"English",1,2,"It was good. Hopefully there are more","Male","Yes","exp43"
2,424,29,"english",1,2,"","Male","Yes","exp43"
1,425,36,"English",1,2,"When the ""some"" indicates a proportion greater than zero, it sounds weird when you insert ""but not all"". When the ""some"" indicates a proportion smaller than 100% it does not sound weird by adding ""but not all"".","Male","Yes","exp43"
1,426,34,"English",0,2,"","Male","Yes","exp43"
0,427,47,"english",0,0,"good","Female","Yes","exp43"
2,428,49,"English",1,3,"","Male","Yes","exp43"
1,429,35,"English",1,3,"","Male","Yes","exp43"
1,430,31,"English",1,1,"","Male","Yes","exp44"
1,431,54,"English",1,4,"","Female","Yes","exp44"
1,432,52,"English",1,3,"","Female","Yes","exp44"
1,433,33,"english",0,4,"good","Female","Yes","exp44"
1,434,48,"english",1,2,"","Female","Yes","exp44"
2,435,26,"English",1,2,"","Male","Yes","exp44"
2,436,48,"english",0,2,"","Female","Yes","exp44"
2,437,32,"English",1,2,"","Male","Yes","exp44"
2,438,40,"English",1,3,"","Male","Yes","exp44"
2,439,56,"english",1,1,"","Female","Yes","exp44"
2,440,34,"english",1,3,"","Male","Yes","exp45"
1,441,30,"English",1,4,"","Female","Yes","exp45"
1,442,28,"English",1,3,"That was tough! There were some that I felt could have gone either way in terms of similarity and/or whether the sentence made sense. ","Male","Yes","exp45"
1,443,39,"English",1,4,"","Female","Yes","exp45"
-1,444,51,"english",1,2,"","Male","Yes","exp45"
2,445,19,"english",1,2,"","Female","Yes","exp45"
1,446,47,"English",0,2,"No comments","Male","Yes","exp45"
1,447,30,"english",0,3,"very good","Male","Yes","exp45"
0,448,47,"english",0,0,"good","Female","Yes","exp45"
0,449,31,"english",1,3,"didnt understand xxx","Female","Confused","exp45"
1,450,38,"english",1,2,"","Male","Yes","exp46"
1,451,29,"English",0,2,"","Male","Confused","exp46"
1,452,54,"english",1,3,"","Female","Yes","exp46"
1,453,32,"english",0,4,"good","Female","Yes","exp46"
1,454,38,"English",1,2,"It was a little confusing, but not because I didn't understand the instructions.  It's hard to know when some, but not all means something different for me.","Female","Yes","exp46"
1,455,56,"English",1,3,"In most cases, in my opinion, the meaning did not change much; even in the example where the system told me that the meanings were very different, I didn't think that they were.","Female","Confused","exp46"
0,456,47,"english",0,0,"good","Female","Yes","exp46"
2,457,25,"English",1,2,"thank you","Female","Yes","exp46"
1,458,35,"English",1,2,"","Female","Yes","exp46"
1,459,26,"English",1,2,"n/a","Female","Yes","exp46"
1,460,24,"English",1,3,"","Female","Yes","exp46"
2,461,42,"english",-1,3,"","Male","Yes","exp46"
2,462,33,"English",1,4,"Thank you very much. This was definitely interesting and different than other hits.","Male","Yes","exp46"
1,463,39,"English",1,3,"","Male","Yes","exp46"
1,464,37,"english",1,2,"","Male","Yes","exp46"
2,465,40,"English",1,3,"","Male","Yes","exp46"
1,466,37,"English",0,3,"","Male","Yes","exp46"
1,467,33,"english",0,3,"good","Male","Yes","exp46"
2,468,25,"english",1,1,"","Female","Yes","exp46"
2,469,49,"English",1,3,"","Male","Yes","exp46"
2,470,28,"English",1,3,"","Female","Yes","exp47"
2,471,58,"English",1,3,"","Female","Yes","exp47"
1,472,50,"english",1,2,"thank you","Male","Yes","exp47"
1,473,28,"english",1,3,"","Female","Yes","exp47"
2,474,29,"English",1,2,"","Male","Yes","exp47"
0,475,30,"english",1,4,"good","Male","Yes","exp47"
2,476,49,"English",1,3,"","Male","Yes","exp47"
2,477,25,"English",1,3,"Nice","Male","Yes","exp47"
1,478,36,"English",1,4,"","Female","Yes","exp47"
1,479,33,"english",0,3,"very good","Male","Yes","exp47"
2,480,32,"English",1,3,"","Male","Yes","exp48"
1,481,38,"English",1,2,"the sentences that included things like, uh..umm, were odd to read","Male","Yes","exp48"
1,482,34,"english",1,2,"na","Male","Yes","exp48"
2,483,24,"english",1,1,"","Male","Yes","exp48"
2,484,37,"hindi",0,3,"n/a","Female","Yes","exp48"
1,485,33,"english",0,3,"very good","Male","Yes","exp48"
0,486,47,"english",0,0,"good","Female","Yes","exp48"
1,487,41,"English",1,3,"","Male","Yes","exp48"
-1,488,NA,"",-1,-1,"","","","exp48"
1,489,42,"English",1,2,"","Female","Yes","exp48"
-1,490,32,"English",-1,-1,"","Male","Yes","exp49"
1,491,44,"English",1,4,"the ""uh"" words in the transcriptions made the sentences harder to read","Male","Yes","exp49"
1,492,35,"English",1,3,"","Male","Yes","exp49"
1,493,37,"English",1,3,"This was hard because of the uh, um, ect. ","Female","Yes","exp49"
2,494,40,"English",1,3,"","Male","Yes","exp49"
0,495,29,"english",0,2,"","Male","Confused","exp49"
2,496,32,"english",1,3,"","Male","Yes","exp49"
2,497,25,"english",1,3,"interesting","Male","Yes","exp49"
1,498,28,"English",1,1,"","Female","Yes","exp49"
0,499,47,"english",0,0,"good","Female","Yes","exp49"
1,500,37,"English",0,4,"","Male","Yes","exp50"
2,501,32,"English",1,3,"Great stuff","Male","Yes","exp50"
2,502,31,"English",1,1,"","Male","Yes","exp50"
-1,503,NA,"",-1,-1,"","","","exp50"
2,504,36,"English",1,2,"","Male","Yes","exp50"
1,505,25,"English ",1,3,"I thought that this was an interesting experiment. ","Female","Yes","exp50"
2,506,37,"English",0,4,"Definitely need to bump the pay up","Female","Yes","exp50"
2,507,57,"English",1,3,"Thank you.","Female","Yes","exp50"
0,508,47,"english",1,0,"good","Female","Yes","exp50"
0,509,24,"English",1,4,"","Female","Yes","exp50"
1,510,30,"english",1,3,"is good","Male","Yes","exp51"
1,511,32,"Hindi",1,3,NA,"Female","Yes","exp51"
2,512,40,"English",1,3,"","Male","Yes","exp51"
2,513,36,"English",1,4,"","Female","Yes","exp51"
1,514,59,"english",0,2,"","Female","Yes","exp51"
1,515,23,"English",1,3,"","Female","Yes","exp51"
1,516,22,"english",1,2,"","Male","No","exp51"
2,517,30,"english",0,4,"good","Female","Yes","exp51"
2,518,49,"English",1,3,"","Male","Yes","exp51"
2,519,50,"English",1,3,"","Female","Yes","exp51"
1,520,24,"English",1,3,"","Female","Yes","exp52"
2,521,49,"English",1,3,"","Male","Yes","exp52"
2,522,18,"English",1,2,"","Male","Yes","exp52"
2,523,44,"english",1,3,"fun","Male","Yes","exp52"
1,524,68,"English",1,2,"hard to know exactly what you were looking for here since there was no comma after the words but not all made each sentence grammatically incorrect. ","Male","Yes","exp52"
2,525,39,"English",1,3,"","Male","Yes","exp52"
1,526,30,"English",1,3,"","Male","Yes","exp52"
0,527,30,"english",1,3,"good","Female","Yes","exp52"
1,528,21,"English",1,2,"","Male","Yes","exp52"
1,529,30,"english",1,3,"very good","Male","Yes","exp52"
1,530,30,"English",1,2,"","Male","Yes","exp53"
1,531,39,"English",1,4,"","Male","Yes","exp53"
1,532,41,"English",1,4,"","Male","Yes","exp53"
0,533,31,"English",1,2,"Very hard to read the text and try to understand because of the way they spoke. ","Female","Yes","exp53"
2,534,36,"English",1,1,"","Female","Yes","exp53"
2,535,49,"English",1,3,"","Male","Yes","exp53"
1,536,37,"English",0,2,"","Male","Yes","exp53"
1,537,29,"United States",1,2,"N/A, thank you","Male","Yes","exp53"
1,538,28,"English",1,1,"n/a","Male","Yes","exp53"
2,539,30,"English",1,2,"","Male","Yes","exp53"
1,540,28,"English",0,4,"none","Male","Yes","exp54"
2,541,49,"English",1,3,"","Male","Yes","exp54"
1,542,49,"English",0,3,"","Female","Yes","exp54"
1,543,33,"english",1,3,"is good","Male","Yes","exp54"
1,544,29,"English",1,3,"","Male","Yes","exp54"
0,545,39,"English",1,3,"","Female","Yes","exp54"
1,546,54,"English",1,2,"In some of these, the red sentence was strange also. just sayin'","Male","Yes","exp54"
2,547,66,"English",1,3,"","Female","Yes","exp54"
1,548,54,"English",1,4,"Not having the original statements be grammatically correct affects how the secondary statements sound to the ear, regardless of whether the meaning of the statement is changed or not.  Choosing to include verbatim phone transcription instead of correct sentences just makes the task at hand, discerning whether the meaning of the statement is changed by insertion of the phrase ""but not all"", more difficult- unnecessarily in my opinion.  In any case, best of luck with your project!","Male","Yes","exp54"
1,549,64,"English",1,2,"","Female","Yes","exp54"
1,550,41,"English",1,3,"","Female","Yes","exp55"
2,551,32,"English",1,3,"I enjoyed the hit and thought it was a ton of fun.","Male","Yes","exp55"
2,552,45,"American",1,2,"neat survey -","Male","Yes","exp55"
2,553,36,"English",0,1,"Thanks I enjoyed!! 1.00 for payment would have been more reasonable.","Female","Yes","exp55"
1,554,32,"English",1,2,"","Female","Yes","exp55"
2,555,29,"english",1,3,"","Male","Yes","exp55"
2,556,37,"English",1,1,"","Female","Yes","exp55"
1,557,60,"English",0,3,"","Female","Yes","exp55"
1,558,18,"English",0,2,"","Male","Yes","exp55"
-1,559,NA,"",-1,-1,"","","","exp55"
0,560,28,"English",1,3,"","Male","Yes","exp56"
1,561,47,"English",1,2,"","Female","Yes","exp56"
2,562,40,"English",1,1,"Everything ran smooth, thanks for the hit!","Male","Yes","exp56"
0,563,49,"English",0,2,"This study was interesting.","Male","Yes","exp56"
1,564,67,"English",1,1,"","Female","Yes","exp56"
1,565,30,"english",0,4,"good","Female","Yes","exp56"
-1,566,29,"english",1,3,"","Female","Yes","exp56"
1,567,36,"English",1,3,"That was more challenging than I expected!","Male","Yes","exp56"
2,568,29,"English",1,3,"Interesting","Male","Yes","exp56"
1,569,33,"english",0,3,"is good","Male","Yes","exp56"
1,570,24,"english",1,3,"","Male","Yes","exp57"
1,571,29,"English",1,4,"","Female","Yes","exp57"
2,572,35,"English",1,3,"","Male","Yes","exp57"
1,573,66,"English",1,3,"","Female","Yes","exp57"
0,574,24,"english",0,1,"","Female","Yes","exp57"
1,575,50,"English",1,3,"","Female","Yes","exp57"
0,576,47,"english",0,0,"good","Female","Yes","exp57"
2,577,49,"English",1,3,"","Male","Yes","exp57"
1,578,38,"english",1,2,"","Male","Yes","exp57"
1,579,40,"English",0,2,"","Female","Yes","exp57"
2,580,32,"English",1,3,"I enjoyed it thoroughly. It was a lot of fun.","Male","Yes","exp58"
1,581,22,"english",1,2,"Changed my mind about the payment, HIT is kinda fun and doesn't take too long!","Male","Yes","exp58"
1,582,30,"english",1,3,"","Female","Yes","exp58"
1,583,33,"Chinese",1,3,"Thanks","Male","Yes","exp58"
1,584,36,"English",1,1,"","Male","Yes","exp58"
2,585,36,"English",1,2,"","Male","Yes","exp58"
2,586,61,"English",1,2,"The hit was a good brain exercise.  I'm not sure how well I did on it.  I would have to think about those questions for longer than 20-minutes to feel confident about my answers.","Female","Yes","exp58"
1,587,31,"English",1,2,"I enjoy language and grammar hits such as this. Thank you","Female","Yes","exp58"
2,588,47,"english",0,0,"good","Female","Yes","exp58"
1,589,33,"English",1,3,"","Male","Yes","exp58"
1,590,31,"English",0,3,"","Male","Yes","exp59"
2,591,52,"English",1,3,"Good HIT Task to have","Male","Yes","exp59"
2,592,31,"English",1,2,"","Male","Yes","exp59"
2,593,54,"english",1,4,"red and blue seem hard to read after a while","Female","Yes","exp59"
2,594,52,"english",1,4,"","Female","Yes","exp59"
2,595,20,"English",1,2,"","Male","Yes","exp59"
2,596,42,"English",1,2,"sentence should be shorter. By the time we finish reading the no at all sounds weird.","Male","Confused","exp59"
1,597,30,"english",0,4,"is good","Male","Yes","exp59"
2,598,49,"English",1,3,"","Male","Yes","exp59"
0,599,35,"english",0,3,"","Female","Confused","exp59"
2,600,25,"English",0,3,"","Male","Yes","exp60"
2,601,40,"English",1,3,"","Male","Yes","exp60"
1,602,24,"English",1,3,"","Female","Yes","exp60"
1,603,20,"English",1,2,"","Female","Yes","exp60"
2,604,74,"English",1,3,"Really interesting study, thanks.","Female","Yes","exp60"
2,605,38,"English",1,3,"","Male","Yes","exp60"
2,606,61,"English",1,4,"Nice experiment.","Male","Yes","exp60"
1,607,28,"English",1,1,"N/A","Male","Yes","exp60"
2,608,26,"English",1,3,"No comments","Male","Yes","exp60"
1,609,56,"english",1,2,"","Male","Yes","exp60"
2,610,43,"English",0,3,"","Female","Yes","exp61"
2,611,35,"english",1,3,"","Male","No","exp61"
2,612,37,"English",1,3,"Thank you!","Female","Yes","exp61"
2,613,41,"English",1,2,"","Female","Yes","exp61"
1,614,30,"Tagalog",0,3,"Its a little confusing how some sentences sounded strange which took me a little longer to finish the HIT.","Male","Yes","exp61"
2,615,27,"English",1,3,"Great","Female","Yes","exp61"
2,616,49,"English",1,3,"","Male","Yes","exp61"
0,617,30,"english",0,4,"good","Female","Yes","exp61"
1,618,33,"english",0,3,"good","Male","Yes","exp61"
1,619,26,"english",1,2,"","Female","Yes","exp61"
2,620,46,"hindi",1,3,"","Female","Yes","exp62"
1,621,22,"English",1,2,"","Male","Yes","exp62"
2,622,37,"English",1,2,"","Female","Yes","exp62"
2,623,30,"Spanish and English",1,4,"","Female","Yes","exp62"
1,624,25,"English",1,1,"","Male","Yes","exp62"
1,625,35,"english",1,3,"","Female","Yes","exp62"
1,626,33,"English",1,3,"","Female","Yes","exp62"
2,627,49,"English",1,3,"","Male","Yes","exp62"
1,628,36,"English",1,2,"","Female","Yes","exp62"
0,629,28,"english",0,1,"no comments, thank you.","Male","Yes","exp62"
2,630,56,"english",1,1,"","Female","Yes","exp63"
2,631,25,"english",1,3,"Good study!","Female","Yes","exp63"
1,632,29,"English",1,3,"","Male","Yes","exp63"
0,633,41,"English",0,3,"None.","Male","Yes","exp63"
2,634,51,"English",1,3,"","Male","Yes","exp63"
1,635,33,"english",1,3,"good","Male","Yes","exp63"
2,636,48,"English",1,3,"","Male","Yes","exp63"
1,637,43,"English",1,3,"","Female","Yes","exp63"
0,638,30,"english",1,4,"good","Female","Yes","exp63"
2,639,39,"English",1,3,"very easy","Female","Yes","exp63"
1,640,28,"English",1,2,"n/a","Female","Yes","exp64"
1,641,28,"English",1,3,"","Male","Yes","exp64"
1,642,54,"English",1,3,"I did not notice the question regarding the strangeness of the blue question until I had already answered some, not all, of the questions.","Male","Yes","exp64"
1,643,30,"English",0,3,"","Female","Yes","exp64"
1,644,32,"english",0,4,"","Female","Yes","exp64"
2,645,31,"English",1,0,"","Male","Yes","exp64"
-1,646,47,"english",0,-1,"good","Female","Yes","exp64"
1,647,33,"English",1,3,"","Female","Yes","exp64"
1,648,28,"English",1,1,"N/A","Male","Yes","exp64"
1,649,34,"English",1,4,"","Female","Yes","exp64"
1,650,33,"United States",1,3,"none","Female","Yes","exp65"
2,651,40,"English",1,3,"","Female","Yes","exp65"
2,652,56,"English",1,2,"It was a fun and interesting hit!","Female","Yes","exp65"
1,653,34,"english",0,3,"","Female","Yes","exp65"
1,654,53,"English",1,3,"","Male","Yes","exp65"
1,655,30,"english",0,4,"is good","Male","Yes","exp65"
0,656,47,"english",0,0,"good","Female","Yes","exp65"
2,657,35,"English",1,3,"Thanks","Male","Yes","exp65"
-1,658,31,"english",-1,3,"","Female","Yes","exp65"
2,659,43,"English",1,3,"","Female","Yes","exp65"
1,660,24,"English",1,2,"","Female","Yes","exp66"
1,661,46,"english",1,1,"","Female","Yes","exp66"
2,662,40,"English",1,1,"","Male","Yes","exp66"
1,663,43,"englsih ",0,2,"none","Male","Yes","exp66"
1,664,38,"English",1,3,"","Female","Yes","exp66"
0,665,52,"English",1,2,"","Male","Yes","exp66"
2,666,34,"English",1,2,"","Female","Yes","exp66"
1,667,28,"English",0,3,"","Female","Yes","exp66"
1,668,43,"English",1,1,"none","Female","Yes","exp66"
2,669,45,"English",1,1,"","Female","Yes","exp66"
2,670,25,"English",0,3,"","Male","Yes","exp67"
1,671,37,"English",1,3,"","Female","Yes","exp67"
0,672,38,"English",1,3,"","Female","Yes","exp67"
-1,673,63,"English",1,3,"","Female","","exp67"
2,674,29,"English ",1,2,"","Female","Yes","exp67"
2,675,33,"english",1,2,"","Female","Yes","exp67"
-1,676,NA,"",-1,-1,"","","","exp67"
2,677,49,"English",1,3,"","Male","Yes","exp67"
1,678,28,"English",1,2,"","Male","Yes","exp67"
2,679,25,"English",1,3,"Nice","Female","Yes","exp67"
1,680,28,"english",1,3,"","Female","Yes","exp68"
1,681,32,"english",0,3,"For one of the examples, the blue sentence just said ""XXX"". I chose ""very different"" and ""sentence sounds strange""","Male","Yes","exp68"
2,682,36,"English",1,3,"Some of the sentences barely made sense BEFORE adding the ""but not all"" portion. ","Female","Yes","exp68"
0,683,35,"Englsih",0,4,"","Male","Yes","exp68"
2,684,31,"english",1,1,"","Female","No","exp68"
2,685,30,"english",1,4,"good","Female","Yes","exp68"
0,686,47,"english",0,0,"good","Female","Yes","exp68"
1,687,41,"English",1,3,"","Male","Yes","exp68"
1,688,45,"English",1,2,"none","Male","Yes","exp68"
2,689,33,"english",1,2,"","Female","Yes","exp68"
